ID,JavaScript libraries
1,jQuery
1,Preact
1,core-js
1,Slick
1,OWL Carousel
2,Slick
2,AOS
2,jQuery
3,jQuery
3,OWL Carousel
3,jQuery Migrate
4,jQuery UI
4,Boomerang
4,core-js
4,Preact
4,jQuery
5,jQuery
5,OWL Carousel
6,jQuery
6,jQuery Migrate
6,Flickity
7,ScrollMagic
7,core-js
7,jQuery
8,jQuery Migrate
8,jQuery
9,jQuery UI
9,lit-element
9,Snap.svg
9,Moment.js
9,lit-html
9,DataTables
9,jQuery
9,core-js
9,FancyBox
11,core-js
11,jQuery UI
11,jQuery
11,jQuery Migrate
11,Swiper
11,lit-element
11,lit-html
15,Moment.js
15,jQuery
16,jQuery
16,Ramda
16,LazySizes
16,lit-element
16,core-js
16,LazySizes unveilhooks plugin
16,lit-html
16,MobX
16,Preact
17,Slick
17,jQuery
18,OWL Carousel
18,jQuery
19,core-js
19,Flickity
19,jQuery
19,Slick
20,jQuery UI
20,jQuery
21,core-js
21,FancyBox
21,jQuery
21,OWL Carousel
21,script.aculo.us
22,YUI
23,jQuery Migrate
23,jQuery
24,jQuery
24,jQuery Migrate
24,Swiper
25,core-js
25,jQuery
26,FancyBox
26,core-js
26,jQuery Migrate
26,jQuery
26,Slick
26,Goober
27,prettyPhoto
27,OWL Carousel
27,jQuery
27,AOS
28,Goober
28,jQuery UI
28,Boomerang
28,jQuery
28,core-js
28,Lodash
28,Moment.js
30,YUI
30,jQuery
30,JSZip
30,Goober
31,jQuery
31,Goober
32,Boomerang
33,Moment.js
33,jQuery
33,DataTables
33,SweetAlert
33,Retina.js
33,Modernizr
34,Swiper
34,core-js
34,Goober
35,Swiper
35,Lightbox
35,jQuery UI
35,jQuery
35,core-js
35,jQuery Migrate
36,jQuery
36,jQuery Migrate
36,Slick
37,LazySizes
37,Swiper
37,core-js
37,Flickity
37,jQuery UI
37,jQuery Migrate
37,jQuery
37,Lightbox
38,jQuery Migrate
38,jQuery
38,jQuery UI
38,Slick
38,Goober
39,Underscore.js
39,Slick
39,Swiper
39,jQuery
39,jQuery Migrate
40,Goober
40,jQuery
42,Swiper
42,Slick
42,Modernizr
42,jQuery
42,jQuery Migrate
43,Slick
43,jQuery Migrate
43,jQuery
43,LazySizes
43,Goober
43,core-js
44,AOS
44,Lightbox
44,jQuery Migrate
44,jQuery
44,core-js
44,Slick
46,jQuery Migrate
46,jQuery UI
46,LazySizes
46,SweetAlert2
46,Swiper
46,core-js
46,jQuery
47,Goober
48,jQuery Migrate
48,jQuery UI
48,Tippy.js
48,jQuery
48,core-js
49,crypto-js
49,jQuery
49,Swiper
49,core-js
49,LazySizes
50,Choices
50,Slick
50,Axios
50,LazySizes
50,core-js
50,jQuery Migrate
50,AOS
50,Modernizr
50,jQuery
50,Goober
50,Swiper
51,Swiper
51,SweetAlert2
51,jQuery
51,Select2
51,jQuery Migrate
51,core-js
51,Slick
51,Preact
52,jQuery
53,Modernizr
53,Lightbox
53,Tippy.js
53,jQuery UI
53,jQuery
53,Swiper
53,LazySizes
53,core-js
53,jQuery Migrate
53,Isotope
54,jQuery Migrate
54,jQuery
54,core-js
54,Swiper
54,jQuery UI
55,jQuery
55,Swiper
55,core-js
55,jQuery UI
55,Lightbox
55,jQuery Migrate
55,DataTables
56,lit-element
56,lit-html
56,Select2
56,jQuery
56,SweetAlert
56,SweetAlert2
56,core-js
56,Slick
57,jQuery UI
57,jQuery
57,core-js
57,jQuery Migrate
57,OWL Carousel
58,jQuery
58,MobX
58,core-js
58,Goober
58,jQuery UI
58,ClientJS
58,jQuery Migrate
59,Slick
59,Underscore.js
59,jQuery
59,jQuery UI
59,Select2
59,JSZip
60,FancyBox
60,jQuery Migrate
60,Isotope
60,Flickity
60,core-js
60,jQuery
60,Goober
60,scrollreveal
61,jQuery UI
61,jQuery
61,Swiper
61,core-js
62,Swiper
62,DataTables
62,Underscore.js
62,Isotope
62,core-js
62,Slick
62,jQuery
62,jQuery UI
62,jQuery Migrate
63,Slick
63,jQuery UI
63,jQuery
64,Slick
64,mOxie
64,jQuery UI
64,jQuery
64,JSZip
64,core-js
65,Select2
65,core-js
65,jQuery
65,Choices
65,jQuery Modal
65,Slick
65,jQuery Migrate
66,core-js
66,jQuery Migrate
66,jQuery UI
66,jQuery
66,DataTables
66,Swiper
67,jQuery
67,core-js
67,Boomerang
67,Swiper
67,AOS
67,Modernizr
67,Splide
67,jQuery UI
67,Twitter typeahead.js
67,Lightbox
67,Goober
67,Slick
67,OWL Carousel
67,LazySizes
67,Moment.js
70,jQuery
70,OWL Carousel
70,Modernizr
70,Swiper
71,Lodash
71,Ethers
71,lit-element
71,jQuery
71,core-js
71,Swiper
71,YUI
71,lit-html
72,jQuery Migrate
72,jQuery
73,jQuery Migrate
73,Modernizr
73,Lightbox
73,jQuery
74,Lodash
74,OWL Carousel
74,jQuery
74,core-js
74,Ethers
74,Preact
75,jQuery
75,jQuery UI
75,core-js
75,jQuery Migrate
76,core-js
76,jQuery
76,Lodash
76,Modernizr
77,jQuery Migrate
77,core-js
77,Underscore.js
77,jQuery
78,jQuery
78,core-js
79,core-js
79,LazySizes
79,AOS
79,jQuery
79,Swiper
79,FancyBox
80,jQuery
80,Lightbox
80,Swiper
80,core-js
80,jQuery UI
80,Goober
81,Axios
81,Lodash
81,Polyfill
81,jQuery Migrate
81,jQuery
81,core-js
81,Underscore.js
82,jQuery
82,jQuery Migrate
83,jQuery
83,YUI
83,OWL Carousel
84,core-js
85,AOS
85,Isotope
85,core-js
85,Goober
85,jQuery
86,Slick
86,AOS
86,jQuery UI
86,jQuery
86,Preact
87,Swiper
87,core-js
87,jQuery
87,jQuery Migrate
87,Goober
88,OWL Carousel
88,jQuery
89,Lodash
89,jQuery
89,lit-element
89,core-js
89,Goober
89,crypto-js
89,Underscore.js
89,lit-html
90,jQuery UI
90,Swiper
90,jQuery
91,Preact
91,jQuery
91,core-js
91,jQuery UI
91,jQuery Migrate
93,Lodash
93,Ethers
93,core-js
93,jQuery Migrate
93,LazySizes
93,jQuery
94,jQuery
94,jQuery UI
95,jQuery
95,Slick
95,jQuery Migrate
95,core-js
96,Retina.js
96,Modernizr
96,SoundManager
96,jQuery
96,OWL Carousel
97,core-js
97,jQuery UI
97,jQuery Migrate
97,PubSubJS
97,jQuery
97,Underscore.js
98,Slick
98,OWL Carousel
98,jQuery
98,FancyBox
99,Goober
99,jQuery Migrate
99,jQuery
99,core-js
99,FancyBox
99,Lodash
99,lit-element
99,lit-html
99,Slick
100,jQuery
100,jQuery Migrate
100,OWL Carousel
101,Lightbox
101,jQuery Migrate
101,jQuery
101,OWL Carousel
102,jQuery Migrate
102,Swiper
102,jQuery
103,Underscore.js
103,LazySizes
103,jQuery
103,core-js
104,jQuery
104,core-js
104,FancyBox
104,Slick
105,jQuery
105,jPlayer
105,Modernizr
105,jQuery UI
106,LazySizes
106,Slick
106,jQuery
106,core-js
107,core-js
107,Select2
107,Instant.Page
107,OWL Carousel
107,jQuery
108,jQuery Migrate
108,jQuery
108,OWL Carousel
109,Swiper
109,Lightbox
109,jQuery Migrate
109,jQuery
109,jQuery UI
109,core-js
110,Lodash
110,Slick
110,jQuery
110,core-js
110,SweetAlert2
110,LazySizes
110,Splide
110,Axios
110,Swiper
110,Lightbox
110,jQuery Modal
111,Lodash
111,core-js
112,jQuery
112,OWL Carousel
112,FancyBox
112,jQuery Migrate
113,jQuery
113,jQuery Migrate
113,Lightbox
113,Swiper
114,core-js
114,jQuery
114,jQuery Migrate
114,jQuery UI
114,Swiper
116,core-js
116,libphonenumber
116,LazySizes
116,jQuery
116,Lightbox
116,Select2
117,core-js
118,core-js
118,Hammer.js
118,Lodash
119,core-js
119,jQuery UI
119,jQuery
119,jQuery Migrate
120,core-js
120,jQuery
120,jQuery UI
120,Swiper
120,jQuery Migrate
121,jQuery
121,Swiper
121,jQuery Migrate
122,Choices
122,core-js
122,Slick
122,jQuery Migrate
122,FancyBox
122,jQuery UI
122,jQuery
124,core-js
124,Browser-Update.org
124,Goober
124,ScrollMagic
124,Hammer.js
124,jQuery
125,Slick
125,lit-html
125,Lodash
125,jQuery
125,core-js
125,Select2
125,Axios
125,lit-element
125,LazySizes
126,jQuery
126,Preact
126,jQuery UI
126,jQuery Migrate
126,Swiper
126,core-js
128,jQuery
128,Slick
128,ScrollMagic
128,LazySizes
128,jQuery Migrate
128,core-js
129,Moment.js
129,jQuery
129,Lodash
129,jQuery UI
129,crypto-js
130,jQuery UI
130,core-js
130,jQuery
130,FingerprintJS
131,jQuery
132,jQuery Migrate
132,Lightbox
132,jQuery
132,Goober
133,core-js
133,Swiper
134,core-js
134,jQuery
135,jQuery
136,FancyBox
136,Slick
136,OWL Carousel
136,core-js
136,Goober
136,Clipboard.js
136,jQuery Migrate
136,Underscore.js
136,jQuery
136,Isotope
137,Preact
137,Clipboard.js
137,jQuery
137,Swiper
137,core-js
137,Tippy.js
137,NProgress
137,jQuery UI
137,Underscore.js
137,math.js
137,Flickity
137,mOxie
137,DataTables
137,SweetAlert2
137,Select2
137,Moment.js
137,jQuery Migrate
138,Preact
138,Hammer.js
138,Swiper
138,jQuery
138,core-js
139,jQuery Migrate
139,AOS
139,jQuery
139,Swiper
139,Goober
139,core-js
139,FancyBox
140,core-js
140,Swiper
141,Hammer.js
141,core-js
141,Preact
142,jQuery
142,jQuery Migrate
142,Preact
143,Lightbox
143,jQuery
143,jQuery Migrate
144,core-js
144,jQuery
144,OWL Carousel
145,jQuery Migrate
145,jQuery UI
145,core-js
145,Underscore.js
145,jQuery
146,Moment.js
146,core-js
146,jQuery
146,jQuery UI
146,lit-element
146,lit-html
146,Preact
146,Modernizr
146,Slim Select
147,jQuery
147,jQuery UI
147,Preact
147,Moment.js
148,Modernizr
148,jQuery UI
148,Moment.js
148,core-js
148,jQuery
148,Preact
148,Goober
148,Select2
149,jQuery
149,Goober
149,Howler.js
149,core-js
149,Axios
151,jQuery UI
151,Slick
151,Isotope
151,Swiper
151,jQuery Migrate
151,FancyBox
151,core-js
151,jQuery
152,jQuery
152,Slick
152,core-js
153,jQuery
153,jQuery Migrate
153,jQuery UI
153,prettyPhoto
153,Isotope
154,jQuery
154,Isotope
154,Swiper
154,Lightbox
154,DataTables
155,core-js
155,Slick
155,jQuery
155,libphonenumber
155,OWL Carousel
155,jQuery Migrate
155,Lightbox
155,crypto-js
155,Select2
156,AOS
156,Swiper
156,core-js
156,lit-element
156,jQuery
156,Select2
156,lit-html
156,jQuery Migrate
157,jQuery
157,Modernizr
157,jQuery Migrate
158,jQuery
158,jQuery Migrate
159,jQuery
159,jQuery Migrate
159,Swiper
160,Swiper
160,jQuery
160,jQuery Migrate
161,jQuery
161,Underscore.js
161,Lightbox
161,Slick
161,jQuery UI
161,jQuery Migrate
162,core-js
162,Loadable-Components
163,jQuery
163,core-js
163,jQuery UI
164,Swiper
164,jQuery
164,FancyBox
165,core-js
165,DataTables
165,jQuery
165,LazySizes
165,jQuery Migrate
165,Slick
166,jQuery
166,FancyBox
166,Slick
167,Swiper
169,jQuery
169,Slick
169,jQuery Migrate
170,jQuery Migrate
170,core-js
170,SweetAlert
170,jQuery
170,OWL Carousel
170,Boomerang
170,Modernizr
170,FancyBox
171,LazySizes
171,Select2
171,core-js
171,jQuery UI
171,jQuery Migrate
171,lit-element
171,Slick
171,jQuery
171,lit-html
172,lite-youtube-embed
172,jQuery UI
172,core-js
172,jQuery
172,Preact
172,jQuery Migrate
173,jQuery
173,jQuery UI
174,OWL Carousel
174,Swiper
174,core-js
174,jQuery Migrate
174,jQuery
174,Glider.js
176,Swiper
176,jQuery
176,Slick
176,lit-html
176,lit-element
177,lit-html
177,core-js
177,Preact
177,lit-element
178,Glide.js
179,Lodash
179,core-js
180,jQuery
180,Swiper
180,Preact
181,core-js
181,FancyBox
181,Preact
181,jQuery
181,SweetAlert2
183,Lodash
183,Slick
183,core-js
183,jQuery
183,jQuery UI
184,FancyBox
184,SweetAlert2
184,core-js
184,OWL Carousel
184,jQuery
184,AOS
185,jQuery
185,jQuery Migrate
185,OWL Carousel
185,Underscore.js
185,Modernizr
186,jQuery
186,jQuery Migrate
187,Swiper
187,jQuery
187,jQuery UI
187,core-js
188,Goober
188,jQuery
188,Flickity
188,Marked
188,core-js
188,AOS
188,Swiper
189,core-js
189,jQuery
190,Browser-Update.org
190,jQuery UI
190,Spin.js
190,OWL Carousel
190,jQuery
191,core-js
191,Swiper
192,Modernizr
192,OWL Carousel
192,core-js
192,Choices
192,jQuery
192,jQuery UI
193,core-js
193,jQuery
193,jQuery Migrate
193,Slick
193,jQuery UI
193,Preact
194,jQuery
194,PhotoSwipe
195,Goober
195,Lodash
196,Goober
196,Polyfill
196,Loadable-Components
196,core-js
196,Preact
196,Lodash
197,Swiper
197,jQuery
197,jQuery Migrate
198,Swiper
198,jQuery
198,jQuery Migrate
200,Swiper
200,jQuery Migrate
200,core-js
200,jQuery
200,jQuery UI
201,LazySizes unveilhooks plugin
201,YUI
201,jQuery
201,LazySizes
201,Polyfill
201,Lodash
201,Moment.js
201,core-js
201,Preact
202,Goober
202,core-js
202,Lodash
203,jQuery
204,Swiper
204,jQuery Migrate
204,jQuery
205,lit-element
205,lit-html
205,jQuery Migrate
205,jQuery UI
205,core-js
205,LazySizes
205,Swiper
205,jQuery
206,Dropzone
206,Goober
206,jQuery
206,core-js
206,Swiper
206,Preact
206,Lodash
208,MobX
208,Ramda
208,lit-html
208,lit-element
208,jQuery
208,LazySizes
208,core-js
208,LazySizes unveilhooks plugin
208,Swiper
209,Underscore.js
209,jQuery
209,jQuery UI
209,prettyPhoto
210,jQuery
210,core-js
210,OWL Carousel
211,PhotoSwipe
211,core-js
211,jQuery
211,Boomerang
211,Preact
212,Htmx
212,Modernizr
212,Lightbox
212,jQuery UI
212,core-js
212,Swiper
212,jQuery
212,Goober
212,AOS
212,Tippy.js
212,jQuery Migrate
212,Preact
213,Moment.js
213,core-js
214,jQuery UI
214,Flickity
214,Lightbox
214,jQuery
214,jQuery Migrate
215,SweetAlert2
215,jQuery Migrate
215,jQuery
216,jQuery Modal
216,FancyBox
216,jQuery
216,core-js
216,Tippy.js
216,jQuery Migrate
217,core-js
217,jQuery Migrate
217,jQuery
217,Modernizr
219,jQuery
220,jQuery
220,core-js
220,jQuery UI
220,Slick
220,Swiper
220,Preact
220,jQuery Migrate
221,jQuery Migrate
221,DataTables
221,Boomerang
221,jQuery UI
221,jQuery
222,jQuery Migrate
222,core-js
222,jQuery
222,Swiper
223,jQuery
224,Slick
224,jQuery
224,jQuery Migrate
225,jQuery Migrate
225,jQuery
225,OWL Carousel
225,Clipboard.js
225,mOxie
225,jQuery UI
225,Select2
225,Underscore.js
225,core-js
225,Moment.js
225,LazySizes
226,lit-html
226,Loadable-Components
226,Swiper
226,core-js
226,lit-element
226,jQuery
227,jQuery
227,Swiper
227,FancyBox
227,core-js
227,SweetAlert2
228,core-js
229,Boomerang
229,jQuery
230,jQuery
230,Modernizr
230,Spin.js
232,Swiper
233,jQuery
234,web-vitals
234,jQuery
234,MobX
234,Goober
234,Preact
234,jQuery UI
234,jQuery Migrate
234,core-js
235,SweetAlert
235,SweetAlert2
235,jQuery Migrate
235,jQuery
235,Slick
236,script.aculo.us
236,OWL Carousel
236,Modernizr
236,jQuery
238,Swiper
238,jQuery
238,jQuery Migrate
239,SweetAlert2
239,Glide.js
240,Swiper
240,AOS
240,jQuery
241,Slick
241,jQuery Migrate
241,jQuery
241,Lightbox
241,core-js
242,jQuery
242,Modernizr
243,jQuery
243,Select2
244,Modernizr
244,Underscore.js
244,core-js
244,Immutable.js
244,Moment.js
244,jQuery
245,core-js
245,jQuery
246,Swiper
246,core-js
246,jQuery Migrate
246,jQuery
246,AOS
246,jQuery UI
246,Underscore.js
248,jQuery Migrate
248,Swiper
248,jQuery UI
248,core-js
248,jQuery
249,Select2
249,jQuery
249,Boomerang
249,DataTables
249,Modernizr
249,SweetAlert
250,jQuery
250,Goober
250,SweetAlert2
250,jQuery Migrate
251,SweetAlert2
251,Swiper
251,FancyBox
251,jQuery
251,core-js
252,Hammer.js
252,jQuery
252,LazySizes
252,core-js
253,jQuery
253,jQuery Migrate
254,jQuery
254,jQuery Migrate
254,OWL Carousel
254,Modernizr
254,Swiper
254,Lightbox
255,jQuery UI
255,jQuery
255,prettyPhoto
255,Isotope
255,OWL Carousel
255,core-js
255,lit-html
255,jQuery Migrate
255,lit-element
257,core-js
257,Swiper
257,jQuery
257,YUI
258,jQuery
258,jQuery Migrate
258,Slick
259,jQuery
259,jQuery Migrate
259,FancyBox
260,Modernizr
260,jQuery
261,Preact
261,core-js
261,Swiper
261,Apollo
262,Moment.js
262,jQuery
262,OWL Carousel
262,SweetAlert
262,Modernizr
262,core-js
262,jQuery UI
262,FancyBox
262,jQuery Modal
262,Select2
263,lit-html
263,Preact
263,lit-element
263,core-js
263,Swiper
263,Goober
264,Boomerang
264,jQuery
265,core-js
265,Lodash
266,jQuery
266,jQuery Migrate
266,Swiper
267,AOS
267,jQuery
267,Slick
267,core-js
267,fullPage.js
268,jQuery
268,Moment.js
269,Splide
269,Moment.js
269,core-js
269,OWL Carousel
269,AOS
269,jQuery
269,Spin.js
269,jQuery Migrate
270,Swiper
270,Goober
270,core-js
270,AOS
271,MobX
271,jQuery
271,core-js
271,jQuery UI
271,jQuery Migrate
271,Swiper
272,jQuery UI
272,AOS
272,jQuery
272,Swiper
272,Lightbox
272,Splide
273,AOS
273,OWL Carousel
273,jQuery
273,jQuery Migrate
273,jQuery UI
274,jQuery Migrate
274,OWL Carousel
274,jQuery
274,core-js
275,jQuery
275,Modernizr
275,jQuery Migrate
275,PubSubJS
276,jQuery
276,jQuery UI
277,jQuery
277,Lodash
277,Moment.js
277,jQuery UI
277,Slick
280,Slick
280,jQuery UI
280,jQuery
280,Moment.js
280,Lodash
281,Moment.js
281,Slick
281,core-js
281,jQuery UI
281,Lodash
281,jQuery
282,jQuery UI
282,Lodash
282,jQuery
282,Moment.js
282,Slick
285,Slick
285,jQuery
286,OWL Carousel
286,jQuery UI
286,Preact
286,Moment.js
286,jQuery
286,Slick
286,Lodash
287,jQuery
287,Moment.js
288,jQuery UI
288,Lodash
288,jQuery
288,OWL Carousel
288,Slick
288,Moment.js
289,Select2
289,Moment.js
289,Lightbox
289,core-js
289,DataTables
289,Dropzone
289,SweetAlert2
289,jQuery
289,JSZip
290,Lodash
290,core-js
290,Moment.js
290,jQuery UI
290,jQuery
290,Slick
290,OWL Carousel
291,jQuery
291,Moment.js
291,jQuery UI
291,Lodash
291,Slick
292,Moment.js
292,jQuery UI
292,jQuery
292,Lodash
292,OWL Carousel
293,jQuery UI
293,Lodash
293,jQuery
293,Moment.js
293,Slick
294,Slick
294,jQuery UI
294,jQuery
294,Moment.js
294,Lodash
295,Boomerang
295,Moment.js
295,FancyBox
295,jQuery
295,Slick
296,jQuery
296,Slick
296,jQuery UI
296,Moment.js
296,Lodash
298,OWL Carousel
298,jQuery
299,jQuery
299,prettyPhoto
299,Modernizr
299,jQuery Migrate
300,core-js
300,Swiper
300,jQuery
301,Preact
301,jQuery
301,lit-element
301,lit-html
302,Preact
302,Splide
302,autoComplete.js
303,core-js
303,jQuery Migrate
303,Preact
303,jQuery
303,jQuery UI
303,OWL Carousel
304,jQuery
304,jQuery Migrate
304,core-js
304,jQuery UI
305,jQuery
305,jQuery Migrate
305,Swiper
305,Slick
306,DataTables
306,lit-element
306,lit-html
306,core-js
306,OWL Carousel
306,jQuery UI
306,jQuery
306,Lightbox
306,Moment.js
306,YUI
306,SweetAlert2
307,jQuery
307,jQuery Migrate
308,jQuery
308,Slick
308,core-js
309,Swiper
309,jQuery Migrate
309,jQuery
310,jQuery
310,core-js
310,Isotope
310,jQuery Migrate
310,Preact
310,LazySizes
311,Lodash
311,core-js
312,jQuery
312,Boomerang
312,jQuery Migrate
312,jQuery UI
312,FancyBox
314,FancyBox
314,Boomerang
314,jQuery
314,jQuery UI
314,jQuery Migrate
315,core-js
315,Boomerang
315,jQuery UI
315,jQuery
315,jQuery Migrate
316,core-js
316,jQuery
316,jQuery Migrate
317,crypto-js
317,jQuery Migrate
317,Select2
317,core-js
317,jQuery
317,Choices
318,jQuery Migrate
318,jQuery
318,OWL Carousel
318,core-js
318,Goober
318,Modernizr
318,Isotope
318,Slick
318,Swiper
318,jQuery UI
319,jQuery Migrate
319,AOS
319,Swiper
319,jQuery
319,core-js
320,FancyBox
320,core-js
320,OWL Carousel
320,jQuery
320,jQuery Migrate
320,jQuery UI
322,Slick
322,Axios
322,jQuery
322,Lenis
324,core-js
324,jQuery
324,Swiper
324,YUI
324,Lodash
325,core-js
325,OWL Carousel
325,jQuery Migrate
325,FancyBox
325,jQuery
327,Underscore.js
327,Modernizr
327,Hammer.js
327,Slick
327,jQuery
327,Moment.js
328,jQuery
328,Swiper
328,core-js
328,jQuery Migrate
328,Slick
328,jQuery UI
330,Slick
330,Swiper
330,core-js
330,jQuery
330,jQuery Migrate
330,FancyBox
330,Apollo
330,OWL Carousel
331,Slick
331,jQuery
332,core-js
332,jQuery
332,Goober
333,Goober
333,core-js
333,Swiper
333,MobX
334,jQuery
334,jQuery Migrate
335,FancyBox
335,Slick
335,SweetAlert2
335,jQuery
336,core-js
336,Lodash
336,jQuery
336,Hammer.js
336,Axios
338,core-js
339,Swiper
339,Lightbox
339,Underscore.js
339,jQuery Migrate
339,jQuery
339,OWL Carousel
340,Slick
340,core-js
340,jQuery
341,Moment.js
341,jQuery
341,core-js
341,LazySizes
341,Swiper
341,Preact
341,jQuery Migrate
341,jQuery UI
341,Slick
342,Isotope
342,Goober
342,SweetAlert
342,OWL Carousel
342,jQuery
344,jQuery
344,Slick
345,Underscore.js
345,jQuery
345,jQuery Migrate
347,core-js
347,Slick
347,jQuery
348,Swiper
348,core-js
348,lit-element
348,Preact
348,lit-html
348,Goober
349,Swiper
349,Preact
349,jQuery
349,jQuery Migrate
349,core-js
349,jQuery UI
350,jQuery Migrate
350,core-js
350,Preact
350,jQuery
350,Goober
350,Slick
350,jQuery UI
350,Swiper
350,Glide.js
351,core-js
352,Swiper
352,jQuery
353,Preact
353,lit-element
353,jQuery
353,Lodash
353,core-js
353,lit-html
353,Axios
354,FancyBox
354,jQuery
354,AOS
354,Slick
354,core-js
355,Swiper
355,jQuery
355,Underscore.js
355,jQuery Migrate
356,core-js
356,Lodash
356,DataTables
356,jQuery
357,Preact
357,Swiper
357,jQuery
358,core-js
358,jQuery
358,Moment.js
358,OWL Carousel
359,jQuery
359,Modernizr
359,core-js
360,lit-html
360,core-js
360,lit-element
361,jQuery
361,core-js
361,Preact
361,AOS
361,Goober
361,jQuery Migrate
362,jQuery Migrate
362,jQuery
362,Underscore.js
362,Slick
363,Modernizr
363,jQuery
365,core-js
365,jQuery Migrate
365,jQuery UI
365,Slick
365,Modernizr
365,jQuery
366,core-js
366,Moment.js
366,Lodash
366,jQuery
367,Swiper
367,jQuery
367,core-js
368,Lodash
368,jQuery UI
368,jQuery
368,OWL Carousel
368,Moment.js
369,Lightbox
369,Modernizr
369,OWL Carousel
369,Skrollr
369,jQuery
370,SweetAlert
370,jQuery
370,lit-element
370,JSZip
370,Moment.js
370,jQuery UI
370,Slick
370,core-js
370,jQuery Migrate
370,OWL Carousel
370,lit-html
370,Lozad.js
371,jQuery
372,jQuery
372,jQuery UI
372,Moment.js
372,lit-element
372,lit-html
372,Goober
372,Underscore.js
372,core-js
372,Clipboard.js
372,Boomerang
372,Swiper
372,MobX
372,jQuery Migrate
373,core-js
373,Preact
373,jQuery
374,jQuery
374,core-js
374,Boomerang
374,Swiper
375,core-js
375,Swiper
375,jQuery
375,Lodash
376,jQuery
377,OWL Carousel
377,Modernizr
377,jQuery
378,jQuery
379,jQuery UI
379,OWL Carousel
379,jQuery
379,Moment.js
379,Lodash
379,Slick
380,AOS
380,jQuery
380,lit-element
380,Slick
380,lit-html
380,core-js
380,Boomerang
380,FancyBox
380,Select2
380,jQuery Migrate
381,jQuery
381,Zepto
381,core-js
381,jQuery UI
381,Swiper
382,jQuery Migrate
382,FancyBox
382,Slick
382,jQuery
382,jQuery UI
383,jQuery
383,FancyBox
383,Modernizr
383,Retina.js
383,jQuery Migrate
383,Slick
383,jQuery UI
384,jQuery
384,jQuery UI
385,Keen-Slider
385,crypto-js
385,core-js
386,jQuery
386,Slick
387,Swiper
388,jQuery UI
388,Preact
388,jQuery
388,core-js
388,crypto-js
388,FancyBox
389,jQuery UI
389,jQuery Migrate
389,core-js
389,jQuery
390,core-js
390,crypto-js
390,Goober
390,Swiper
391,Lightbox
391,core-js
391,jQuery
391,Underscore.js
391,jQuery Migrate
391,Moment.js
392,jQuery Migrate
392,jQuery
392,Slick
393,LazySizes
393,core-js
393,Preact
393,Goober
393,Swiper
393,crypto-js
393,jQuery
394,Modernizr
394,Swiper
394,Lodash
394,jQuery
394,jQuery UI
395,jQuery UI
395,OWL Carousel
395,jQuery
395,Moment.js
395,Lodash
396,core-js
396,Preact
396,jQuery
397,Slick
397,jQuery
397,jQuery UI
397,core-js
399,Preact
399,core-js
399,Select2
399,Moment.js
399,jQuery
399,jQuery UI
399,Swiper
400,jQuery
400,Swiper
400,core-js
400,Goober
400,jQuery Migrate
400,jQuery UI
401,core-js
401,Boomerang
402,lit-html
402,Flickity
402,LazySizes
402,lit-element
402,core-js
402,jQuery
403,Lodash
403,jQuery
403,Axios
404,jQuery
404,Modernizr
404,jQuery UI
405,Swiper
405,Dojo
405,Boomerang
405,core-js
405,jQuery
406,jQuery
407,DataTables
407,jQuery
407,Boomerang
410,jQuery Migrate
410,core-js
410,jQuery UI
410,jQuery
410,Clipboard.js
410,Slick
412,Preact
412,AOS
412,core-js
412,Swiper
413,Isotope
413,jQuery Migrate
413,jQuery
414,jQuery UI
414,DataTables
414,Moment.js
414,core-js
414,jQuery
415,jQuery
415,jQuery UI
415,Moment.js
415,core-js
415,DataTables
417,core-js
417,jQuery
417,Goober
417,jQuery UI
420,Goober
420,LazySizes
421,Select2
421,jQuery
421,Boomerang
422,jQuery
422,jQuery Migrate
422,core-js
422,Swiper
422,LazySizes
422,jQuery UI
423,jQuery
423,LazySizes
424,jQuery
424,Moment.js
424,Select2
425,Glider.js
425,Slick
425,Tippy.js
425,jQuery
425,jQuery UI
425,Boomerang
426,Swiper
426,LazySizes
426,jQuery
426,AOS
427,Swiper
427,Axios
427,Lozad.js
428,lit-element
428,lit-html
429,jQuery
429,Lightbox
429,Slick
429,jQuery Migrate
430,Boomerang
430,Bootstrap Table
430,jQuery
430,core-js
430,SweetAlert2
431,jQuery
431,Goober
431,AOS
432,core-js
432,jQuery
432,Swiper
434,YUI
434,jQuery
435,Boomerang
435,AOS
435,jQuery UI
435,jQuery
435,DataTables
435,Modernizr
435,Moment.js
436,core-js
436,Choices
436,jQuery Migrate
436,Select2
436,fullPage.js
436,jQuery
437,jQuery
437,core-js
438,Modernizr
438,Lodash
438,core-js
438,YUI
439,Dropzone
439,Lodash
439,core-js
439,Moment.js
439,Modernizr
439,LazySizes
439,ScrollMagic
439,jQuery
439,Swiper
440,Preact
440,core-js
440,jQuery
440,web-vitals
440,LazySizes
441,jQuery
441,Slick
441,lit-element
441,lit-html
441,Modernizr
442,jQuery
442,core-js
442,web-vitals
442,PubSubJS
442,LazySizes
443,Slick
443,jQuery
444,Day.js
444,jQuery
444,jQuery Migrate
444,Lodash
445,jQuery Migrate
445,jQuery
445,Modernizr
445,core-js
445,jQuery UI
446,jQuery
446,jQuery UI
447,Boomerang
447,jQuery
447,core-js
448,jQuery
448,Slick
448,Boomerang
449,Boomerang
449,Flickity
449,Moment.js
449,Isotope
449,jQuery
449,JSZip
449,Preact
449,core-js
449,lit-html
449,lit-element
449,scrollreveal
450,OWL Carousel
450,FancyBox
450,jQuery Migrate
450,Swiper
450,Slick
450,jQuery
451,jQuery
451,OWL Carousel
451,core-js
452,Swiper
452,Modernizr
452,jQuery
453,jQuery
453,core-js
453,jQuery UI
453,jQuery Migrate
453,OWL Carousel
454,Swiper
454,Lodash
454,Ethers
454,core-js
455,prettyPhoto
455,FancyBox
455,jQuery
455,core-js
456,Preact
456,jQuery
456,core-js
457,OWL Carousel
457,jQuery
458,Selectize
458,Goober
458,Flickity
458,Select2
458,jQuery
458,core-js
458,jQuery Migrate
458,FancyBox
458,Swiper
459,Boomerang
459,Hammer.js
459,core-js
459,jQuery
460,AOS
460,core-js
461,core-js
461,Lodash
461,AOS
462,Lodash
462,core-js
463,jQuery
463,Hammer.js
463,Lodash
463,crypto-js
463,Swiper
463,Preact
463,YUI
463,web-vitals
463,lit-html
463,lit-element
463,core-js
463,Boomerang
464,SweetAlert2
464,jQuery Migrate
464,Slick
464,jQuery
464,Clipboard.js
464,Underscore.js
465,jQuery UI
465,Slick
465,core-js
465,OWL Carousel
465,jQuery
465,jQuery Migrate
466,HeadJS
466,jQuery Migrate
466,Slick
466,jQuery
467,jQuery
467,Underscore.js
467,OWL Carousel
467,Slick
468,SweetAlert2
468,OWL Carousel
468,jQuery
468,Lodash
469,scrollreveal
469,FancyBox
469,jQuery
470,Isotope
470,jQuery Migrate
470,Swiper
470,jQuery
470,jQuery UI
470,core-js
471,Hammer.js
471,Boomerang
471,core-js
471,Preact
472,jQuery
472,Modernizr
472,jQuery UI
473,web-vitals
473,core-js
473,YUI
473,jQuery
474,jQuery Migrate
474,jQuery
474,Swiper
474,Lightbox
475,jQuery
476,Boomerang
476,lit-html
476,core-js
476,Lodash
476,jQuery UI
476,Twitter typeahead.js
476,lit-element
477,Moment.js
477,DataTables
477,jQuery
477,Preact
478,Goober
478,jQuery UI
478,Swiper
478,FancyBox
478,jQuery
478,Slick
480,Slick
480,jQuery
481,jQuery
481,jQuery UI
481,SweetAlert2
481,Lightbox
482,jQuery
484,Lightbox
484,core-js
484,jQuery Migrate
484,SweetAlert2
484,Lodash
484,jQuery
484,AOS
485,core-js
485,LazySizes
485,MobX
485,LazySizes unveilhooks plugin
485,Ramda
485,Preact
485,Swiper
485,jQuery
485,lit-element
485,lit-html
485,Underscore.js
485,SweetAlert2
485,Modernizr
486,jQuery
486,AOS
488,Spin.js
488,jQuery Migrate
488,Goober
488,jQuery
489,jQuery Migrate
489,jQuery
490,Slick
490,jQuery
490,jQuery UI
491,Swiper
491,core-js
491,MobX
491,Polyfill
492,core-js
492,jQuery
492,Slick
492,Moment.js
493,Slick
493,Moment.js
493,core-js
493,jQuery
494,jQuery
494,Swiper
494,jQuery Migrate
495,Dropzone
495,jQuery
496,jQuery
496,core-js
496,Hammer.js
496,jQuery UI
497,jQuery
497,Swiper
497,core-js
498,Preact
498,jQuery
498,OWL Carousel
498,Hammer.js
499,jQuery
499,Slick
499,core-js
499,jQuery Migrate
500,core-js
500,Flickity
500,lit-element
500,LazySizes
500,Boomerang
500,lit-html
502,jQuery Migrate
502,Selectize
502,Swiper
502,lit-element
502,jQuery
502,OWL Carousel
502,Goober
502,jQuery UI
502,core-js
502,lit-html
503,jQuery Migrate
503,Slick
503,jQuery
503,core-js
503,Lodash
504,Modernizr
504,jQuery
505,Browser-Update.org
505,core-js
506,core-js
507,Lodash
507,Preact
507,core-js
508,Preact
508,LazySizes
508,jQuery
508,Swiper
508,AOS
510,jQuery
510,Apollo
510,Select2
510,core-js
511,jQuery
511,core-js
511,Lodash
512,jQuery Migrate
512,Preact
512,core-js
512,Goober
512,jQuery
512,Slick
513,Boomerang
513,jQuery
513,Slick
513,AOS
513,core-js
513,SweetAlert2
514,core-js
514,jQuery
514,jQuery Migrate
515,jQuery Migrate
515,Moment.js
515,Tiny Slider
515,Slick
515,jQuery
516,Lodash
516,core-js
517,LazySizes
517,AOS
517,core-js
517,Lightbox
517,Swiper
517,jQuery
518,WookMark
518,core-js
518,jQuery Migrate
518,jQuery UI
518,OWL Carousel
518,jQuery
519,Lightbox
519,Slick
519,Swiper
519,AOS
519,Isotope
519,Modernizr
519,Hammer.js
519,FancyBox
519,core-js
519,jQuery
519,LazySizes
520,jQuery
520,jQuery Migrate
520,jQuery UI
521,Goober
521,jQuery
521,Tiny Slider
521,DataTables
523,Goober
523,Preact
523,jQuery
523,core-js
523,FancyBox
525,jQuery
525,jPlayer
525,OWL Carousel
525,mOxie
525,Moment.js
526,jQuery
526,Slick
526,core-js
526,Moment.js
526,jQuery Migrate
527,core-js
527,Select2
527,jQuery Migrate
527,jQuery
527,jQuery UI
527,jQuery Modal
527,Slick
528,Modernizr
528,jQuery UI
528,AOS
528,Swiper
528,Underscore.js
528,jQuery
528,core-js
529,jQuery
529,core-js
530,Lodash
532,jQuery
533,core-js
533,lit-element
533,lit-html
533,jQuery
533,jQuery Migrate
533,Choices
534,core-js
534,Swiper
534,LazySizes
534,Ramda
534,LazySizes unveilhooks plugin
535,core-js
535,Slick
535,jQuery UI
535,jQuery
535,AOS
536,core-js
536,Preact
536,Moment.js
536,Lodash
536,OWL Carousel
536,jQuery UI
536,jQuery
537,core-js
537,Swiffy Slider
537,jQuery Migrate
537,FancyBox
537,jQuery
537,Preact
538,LazySizes
538,jQuery
538,MobX
538,Slick
538,Lodash
538,core-js
538,lit-element
538,lit-html
538,Apollo
538,FingerprintJS
539,Select2
539,Lodash
539,Goober
539,core-js
539,Preact
539,AOS
539,jQuery
540,LazySizes unveilhooks plugin
540,jQuery
540,Slick
540,LazySizes
540,core-js
540,jQuery UI
540,Ramda
541,jQuery
541,core-js
541,Slick
542,jQuery
543,lit-element
543,lit-html
543,core-js
543,jQuery
543,Modernizr
544,jQuery
544,core-js
544,Boomerang
544,FancyBox
544,Modernizr
544,LazySizes
546,Slick
546,jQuery
546,jQuery Migrate
546,Preact
546,Choices
546,core-js
546,Swiper
547,Modernizr
547,jQuery
547,prettyPhoto
548,jQuery
548,jQuery UI
548,OWL Carousel
548,Lodash
548,Moment.js
549,Select2
549,Swiper
549,Goober
549,jQuery
549,Isotope
549,jQuery Migrate
549,FancyBox
550,crypto-js
550,web-vitals
550,core-js
550,lit-element
550,lit-html
551,Lodash
551,Choices
551,core-js
552,Preact
552,jQuery
552,core-js
552,Swiper
552,LazySizes
552,Select2
553,Underscore.js
553,Moment.js
553,Hammer.js
553,Lodash
553,jQuery UI
553,Modernizr
553,jQuery
553,Slick
554,core-js
554,lit-html
554,lit-element
555,jQuery
555,Modernizr
555,Slick
555,OWL Carousel
555,web-vitals
555,Swiper
555,Lodash
555,core-js
555,PubSubJS
556,prettyPhoto
556,Slick
556,core-js
556,LazySizes
556,Modernizr
556,jQuery
556,Splide
556,FingerprintJS
556,Underscore.js
557,core-js
557,LazySizes
557,Slick
557,prettyPhoto
557,Splide
557,FingerprintJS
557,Underscore.js
557,jQuery
558,core-js
559,Slick
559,Pinia
559,jQuery Migrate
559,jQuery
559,core-js
560,Boomerang
560,Moment.js
560,AOS
560,core-js
560,Slick
560,jQuery Migrate
560,jQuery
561,Preact
562,Goober
562,Lodash
562,Preact
562,Slick
562,core-js
562,jQuery
562,SweetAlert2
567,Goober
567,Clipboard.js
567,jQuery
567,jQuery UI
567,Lodash
567,Spin.js
567,Select2
568,Select2
568,JSZip
568,Slick
568,jQuery
568,jQuery UI
568,Underscore.js
569,OWL Carousel
569,FancyBox
569,Swiper
569,web-vitals
569,lit-html
569,jQuery
569,Underscore.js
569,Boomerang
569,core-js
569,Spin.js
570,Splide
571,jQuery Migrate
571,jQuery
571,Swiper
571,Slick
572,jQuery Migrate
572,jQuery
573,crypto-js
573,Moment.js
573,FancyBox
573,Slick
573,DataTables
573,core-js
573,jQuery
573,Hammer.js
574,jQuery
574,jQuery UI
574,Modernizr
575,jQuery Migrate
575,OWL Carousel
575,Hammer.js
575,SweetAlert
575,jQuery
575,Skrollr
575,jQuery UI
575,Swiper
575,Slick
576,jQuery Migrate
576,Slick
576,jQuery
576,core-js
576,scrollreveal
576,Moment.js
576,Swiper
576,jQuery UI
577,DataTables
577,Moment.js
577,FancyBox
577,Swiper
577,jQuery UI
577,jQuery
577,Lightbox
577,crypto-js
577,core-js
577,Lodash
578,jQuery Migrate
578,Select2
578,core-js
578,Boomerang
578,Modernizr
578,jQuery
578,jQuery UI
578,Underscore.js
579,Swiper
579,core-js
579,ScrollMagic
579,jQuery
579,AOS
579,Preact
579,Moment.js
580,jQuery
580,core-js
580,Pinia
580,Axios
580,Goober
580,LazySizes
581,jQuery Migrate
581,jQuery
582,Hammer.js
582,Swiper
582,jQuery
582,Twitter typeahead.js
582,jQuery UI
582,core-js
583,jQuery
583,FancyBox
584,core-js
584,Boomerang
585,lit-element
585,core-js
585,lit-html
585,jQuery Migrate
585,Modernizr
585,Polyfill
585,Swiper
585,jQuery UI
585,jQuery
585,Goober
586,Ramda
586,core-js
586,LazySizes unveilhooks plugin
586,Apollo
586,jQuery
586,Goober
586,LazySizes
587,Ramda
587,jQuery
587,core-js
587,Goober
587,LazySizes
587,LazySizes unveilhooks plugin
587,Apollo
588,core-js
588,Select2
588,Choices
588,jQuery
588,OWL Carousel
589,Lodash
589,core-js
589,Goober
589,jQuery
589,FancyBox
591,core-js
591,Swiper
592,web-vitals
592,Swiper
593,jQuery UI
593,lit-html
593,lit-element
593,jQuery
593,SweetAlert2
593,core-js
593,Preact
593,jQuery Migrate
593,Modernizr
594,jQuery
594,FancyBox
594,Slick
595,Boomerang
596,FilePond
596,Swiper
596,Select2
596,LazySizes
596,jQuery
596,core-js
596,Lodash
596,OWL Carousel
596,Moment.js
597,Highlight.js
597,jQuery
598,AOS
599,core-js
599,Slick
599,Lodash
599,jQuery UI
599,OWL Carousel
599,Moment.js
599,jQuery
600,Lightbox
600,lit-html
600,MobX
600,core-js
600,lit-element
600,Axios
600,OWL Carousel
600,jQuery
601,lit-html
601,lit-element
601,core-js
602,jQuery
602,core-js
603,Slick
603,jQuery
603,SweetAlert2
604,Moment.js
604,Slick
604,Lodash
604,jQuery UI
604,jQuery
605,Selectize
605,lit-html
605,Goober
605,ScrollMagic
605,core-js
605,lit-element
605,jQuery
606,jQuery
606,core-js
606,Lodash
606,Moment.js
606,OWL Carousel
606,jQuery UI
607,FancyBox
607,jQuery
607,OWL Carousel
607,Swiper
608,Slick
608,jQuery Migrate
608,core-js
608,jQuery
608,Boomerang
609,Underscore.js
609,jQuery Migrate
609,mOxie
609,jQuery UI
609,core-js
609,jQuery
610,jQuery
610,Swiper
611,jQuery Migrate
611,Prefix-Free
611,Twitter typeahead.js
611,jQuery
612,core-js
612,Swiper
612,Preact
613,jQuery Migrate
613,Slick
613,Lodash
613,Goober
613,jQuery UI
613,AOS
613,Snap.svg
613,jQuery
613,lit-html
613,Swiper
613,lit-element
613,core-js
614,Swiper
614,core-js
615,jQuery Migrate
615,jQuery UI
615,jQuery
615,Slick
616,jQuery
616,Lightbox
616,Slick
617,core-js
617,jQuery Migrate
617,Preact
617,jQuery
617,Select2
617,Slick
618,Slick
618,Splide
618,AOS
618,jQuery
619,Swiper
619,core-js
619,AOS
620,Preact
620,core-js
620,AOS
620,DataTables
620,jQuery UI
620,jQuery
621,Zepto
621,web-vitals
621,Lodash
621,core-js
621,Goober
622,FancyBox
622,jQuery
623,lit-html
623,lit-element
623,Preact
623,Swiper
623,YUI
623,jQuery
623,Slick
623,core-js
623,crypto-js
624,Lightbox
624,jQuery
624,jQuery Migrate
624,OWL Carousel
625,Boomerang
625,Swiper
625,core-js
626,Underscore.js
626,Moment.js
626,core-js
626,jQuery UI
626,Slick
626,jQuery
627,jQuery UI
627,jQuery
627,Swiper
627,jQuery Migrate
627,Lightbox
627,core-js
628,jPlayer
628,jQuery
628,Modernizr
628,Isotope
628,Skrollr
628,Retina.js
628,jQuery Migrate
629,Moment.js
629,jQuery UI
629,jQuery
629,lit-html
629,Lightbox
629,lit-element
630,Preact
630,core-js
631,Preact
631,lit-element
631,Swiper
631,core-js
631,lit-html
632,Lodash
633,jQuery UI
633,Isotope
633,jQuery
634,Slick
634,Swiper
634,jQuery
634,Modernizr
635,core-js
635,jQuery
635,Swiper
637,core-js
637,Hammer.js
638,jQuery
638,Preact
638,core-js
638,OWL Carousel
638,jQuery UI
639,Swiper
639,jQuery UI
639,OWL Carousel
639,FancyBox
639,Slick
639,Moment.js
639,Underscore.js
639,core-js
639,jQuery
641,jQuery Migrate
641,Modernizr
641,Slick
641,lit-html
641,core-js
641,lit-element
641,jQuery
641,Goober
641,Preact
642,Goober
642,Swiper
642,Lodash
642,core-js
643,core-js
643,Preact
645,Ramda
645,jQuery
645,Underscore.js
645,Modernizr
645,core-js
645,LazySizes unveilhooks plugin
645,LazySizes
646,Slick
646,Moment.js
646,jQuery
647,jQuery UI
647,Boomerang
647,jQuery
648,Swiper
648,Select2
648,Slick
648,OWL Carousel
648,jQuery
649,core-js
650,Swiper
650,jQuery Migrate
650,core-js
650,jQuery
651,Lodash
652,Swiper
652,core-js
652,SweetAlert2
652,jQuery
652,Preact
652,FancyBox
653,jQuery Migrate
653,Slick
653,jQuery
654,core-js
654,jQuery
655,Swiper
655,Choices
655,core-js
655,Lodash
656,Modernizr
656,jQuery
656,core-js
657,Underscore.js
657,Select2
657,ScrollMagic
657,Clipboard.js
657,Swiper
657,jQuery
657,Skrollr
657,Moment.js
657,JSZip
657,core-js
657,jQuery UI
657,mOxie
657,jQuery Migrate
657,DataTables
657,Modernizr
657,NProgress
658,Lodash
658,Hammer.js
658,jQuery
658,Isotope
658,DataTables
658,Clipboard.js
659,Lodash
659,core-js
659,lit-element
659,Loadable-Components
659,Swiper
659,jQuery
659,Preact
659,Goober
659,Polyfill
659,lit-html
661,Moment.js
661,Slick
661,jQuery
661,Lodash
661,jQuery UI
662,Slick
662,Tiny Slider
662,jQuery Migrate
662,jQuery
662,Moment.js
663,core-js
663,Swiper
663,jQuery
664,jQuery UI
664,Slick
664,jQuery Migrate
664,jQuery
664,core-js
665,core-js
665,Hammer.js
665,Loadable-Components
665,Preact
665,Glide.js
666,jQuery UI
666,jQuery
667,Preact
667,core-js
668,Preact
668,core-js
670,core-js
672,Moment.js
672,jQuery
672,Lodash
672,jQuery UI
672,core-js
672,AOS
672,Lenis
672,Slick
673,jQuery
673,jQuery UI
673,Modernizr
673,Select2
674,core-js
674,jQuery
675,Moment.js
675,jQuery
675,core-js
676,jQuery
676,Swiper
676,jQuery Migrate
677,core-js
678,scrollreveal
678,Choices
678,OWL Carousel
678,jQuery
678,core-js
679,Isotope
679,jQuery UI
679,jQuery Migrate
679,jQuery
680,Goober
681,jQuery
681,jQuery Migrate
681,Slick
681,core-js
682,Swiper
682,core-js
683,web-vitals
683,Swiper
683,core-js
683,Axios
684,LazySizes
684,PhotoSwipe
684,OWL Carousel
684,Splide
684,core-js
684,jQuery
685,jQuery
685,Modernizr
685,Underscore.js
685,Ramda
685,lit-html
685,MobX
685,LazySizes
685,lit-element
685,LazySizes unveilhooks plugin
685,core-js
686,Swiper
686,jQuery Migrate
686,jQuery
688,core-js
688,Slick
688,jQuery
689,lit-html
689,Goober
689,lit-element
689,Slick
689,core-js
689,Polyfill
689,jQuery
689,jQuery UI
689,Hammer.js
689,LazySizes
689,Axios
690,Swiper
691,Lodash
691,core-js
691,YUI
691,Modernizr
692,prettyPhoto
692,jQuery
692,jQuery Migrate
692,Lightbox
692,OWL Carousel
693,core-js
693,LazySizes
694,lit-html
694,Lodash
694,jQuery
694,lit-element
695,core-js
695,jQuery
696,jQuery
697,Slick
697,jQuery Migrate
697,AOS
697,jQuery
698,jQuery
698,jQuery Migrate
698,OWL Carousel
698,Swiper
700,Swiper
700,jQuery
700,JSZip
700,lit-element
700,lit-html
701,Lodash
702,jQuery UI
702,OWL Carousel
702,ClientJS
702,core-js
702,Hammer.js
702,jQuery
703,jQuery
704,Lodash
704,Goober
704,jQuery Migrate
704,Slick
704,jQuery
704,core-js
705,jQuery UI
705,Modernizr
705,Swiper
705,Moment.js
705,core-js
705,jQuery Migrate
705,jQuery
705,Axios
706,core-js
706,Swiper
707,core-js
707,jQuery
707,jQuery Migrate
707,Underscore.js
707,Isotope
708,Modernizr
708,Underscore.js
708,Dropzone
708,lit-element
708,core-js
708,Ramda
708,LazySizes unveilhooks plugin
708,lit-html
708,jQuery
708,SweetAlert2
708,LazySizes
708,Swiper
708,MobX
709,Lodash
709,web-vitals
709,core-js
709,jQuery UI
709,Clipboard.js
709,MobX
709,ClientJS
709,jQuery
710,jQuery Migrate
710,Goober
710,jQuery
710,core-js
711,core-js
711,LazySizes unveilhooks plugin
711,LazySizes
711,Preact
711,Ramda
711,Swiper
711,jQuery
712,jQuery
713,core-js
713,Lodash
714,core-js
714,Goober
714,SweetAlert2
714,jQuery Migrate
714,jQuery
714,Preact
714,Slick
714,Select2
714,Swiper
714,Tippy.js
715,Tippy.js
715,jQuery Migrate
715,lit-element
715,jQuery UI
715,Slick
715,jQuery
715,Swiper
715,lit-html
715,FancyBox
715,Select2
716,jQuery
717,Slick
717,SweetAlert2
717,jQuery
718,Preact
718,Moment.js
718,core-js
718,crypto-js
718,jQuery
718,jQuery UI
719,SweetAlert
720,Apollo
721,Pinia
721,lit-element
721,lit-html
721,Lodash
721,core-js
721,Flickity
722,JSZip
722,Isotope
722,core-js
722,Moment.js
722,Flickity
723,jQuery Migrate
723,Swiper
723,jQuery
724,core-js
724,Lodash
725,jQuery UI
725,jQuery Migrate
725,lit-html
725,Lodash
725,Underscore.js
725,lit-element
725,jQuery
725,core-js
725,Swiper
726,Moment.js
726,Isotope
726,MobX
726,Lodash
726,jQuery
726,core-js
726,Underscore.js
726,Hammer.js
727,jQuery Migrate
727,jQuery
728,jQuery
728,jQuery Migrate
728,jQuery UI
729,Lodash
730,jQuery
730,Swiper
731,jQuery
731,Slick
731,jQuery Modal
732,core-js
732,jQuery
732,AOS
733,jQuery
733,AOS
733,core-js
734,jQuery Migrate
734,core-js
734,jQuery
735,lit-element
735,jQuery
735,core-js
735,Slick
735,lit-html
735,Underscore.js
736,Lodash
738,Swiper
738,Choices
738,core-js
738,Lodash
739,Swiper
739,web-vitals
740,Splide
740,jQuery
740,core-js
741,Vuex
741,PhotoSwipe
741,Modernizr
741,jQuery UI
741,crypto-js
741,core-js
741,jQuery
742,jQuery Migrate
742,jQuery
742,Ethers
742,core-js
742,Boomerang
742,Lodash
743,jQuery
743,Lodash
743,Axios
744,Lenis
744,core-js
744,Preact
744,lite-youtube-embed
745,jQuery
745,Swiper
745,Modernizr
745,jQuery Migrate
745,jQuery UI
745,Lodash
745,JSZip
745,Moment.js
745,core-js
745,Slick
747,Goober
747,Select2
747,SweetAlert
747,Swiper
747,core-js
747,FancyBox
747,lit-html
747,lit-element
747,jQuery UI
747,jQuery
747,Preact
748,jQuery Migrate
748,jQuery UI
748,Modernizr
748,core-js
748,jQuery
749,jQuery
749,SweetAlert2
749,Closure Library
749,core-js
749,lit-element
749,Swiper
749,lit-html
749,FancyBox
750,jQuery
750,LazySizes
750,Swiper
750,LazySizes unveilhooks plugin
750,Underscore.js
750,Modernizr
750,core-js
750,Ramda
750,SweetAlert2
751,core-js
752,Swiper
752,core-js
753,Underscore.js
753,Swiper
753,jQuery Migrate
753,jQuery
755,jQuery
756,web-vitals
756,core-js
756,Swiper
756,YUI
757,core-js
758,jQuery
758,Swiper
759,Clipboard.js
759,jQuery UI
759,core-js
759,Lightbox
759,jQuery
759,jQuery Migrate
759,Moment.js
759,Underscore.js
760,jQuery
760,OWL Carousel
762,Moment.js
762,Slick
762,Tippy.js
762,jQuery Migrate
762,jQuery
763,jQuery
763,Slick
764,Preact
764,core-js
764,Lodash
764,jQuery
765,core-js
766,Pinia
767,jQuery UI
767,Underscore.js
767,Moment.js
767,jQuery Migrate
767,Lightbox
767,core-js
767,Flickity
767,Isotope
767,crypto-js
767,jQuery
768,core-js
768,Swiper
768,jQuery
768,LazySizes
769,Swiper
769,core-js
769,jQuery
769,LazySizes
770,jQuery
770,crypto-js
770,SweetAlert2
770,Slick
770,Axios
770,jQuery Modal
770,jQuery Migrate
771,jQuery
771,Swiper
771,Slick
772,jQuery
774,core-js
774,Preact
774,Ethers
774,Lodash
774,jQuery
775,jQuery
775,core-js
775,Lodash
777,Underscore.js
777,core-js
777,lit-html
777,Swiper
777,jQuery
777,Modernizr
777,MobX
777,lit-element
777,Ramda
777,LazySizes
777,LazySizes unveilhooks plugin
778,Lightbox
778,Modernizr
778,jQuery
779,Modernizr
779,jQuery
779,Lightbox
780,jQuery UI
780,jQuery
781,Lodash
782,web-vitals
782,Swiper
782,lit-element
782,lit-html
782,core-js
782,Preact
783,FancyBox
783,Slick
783,jQuery Migrate
783,jQuery
784,Slick
784,Lightbox
784,core-js
784,jQuery
785,Moment.js
785,Lodash
785,jQuery
785,Slick
785,jQuery UI
786,jQuery
786,Slick
786,SweetAlert2
787,jQuery UI
787,jQuery Migrate
787,Slick
787,jQuery
788,jQuery
788,OWL Carousel
788,Modernizr
789,jQuery
789,Flickity
789,core-js
789,Select2
789,jQuery UI
789,SweetAlert2
791,core-js
792,jQuery
792,Preact
793,jQuery
793,Lightbox
793,OWL Carousel
793,jQuery Migrate
793,Swiper
794,core-js
794,lit-html
794,lit-element
794,Swiper
794,Slick
794,jQuery Migrate
794,jQuery
794,Boomerang
794,LazySizes
794,OWL Carousel
794,FancyBox
794,Preact
795,jQuery
795,LazySizes unveilhooks plugin
795,LazySizes
795,core-js
795,lit-html
795,MobX
795,Ramda
795,lit-element
796,core-js
796,Swiper
797,Swiper
797,jQuery
799,Glider.js
799,jQuery
799,LazySizes
800,jQuery
800,Axios
800,OWL Carousel
800,Moment.js
801,lit-element
801,Goober
801,Ethers
801,lit-html
801,jQuery
801,Preact
801,core-js
803,Lightbox
803,jQuery
803,jQuery Migrate
803,core-js
803,OWL Carousel
803,Goober
804,Goober
805,jQuery
806,Goober
806,Keen-Slider
806,lit-element
806,web-vitals
806,core-js
806,jQuery
806,lit-html
807,jQuery Migrate
807,OWL Carousel
807,jQuery
807,core-js
808,Swiper
808,jQuery
808,jQuery Migrate
808,core-js
809,core-js
809,AOS
809,FancyBox
809,Lightbox
809,jQuery
809,jQuery UI
811,jQuery
812,Slick
812,jQuery Migrate
812,Swiper
812,core-js
812,prettyPhoto
812,Lightbox
812,jQuery UI
812,jQuery
813,jQuery
814,jQuery
814,AOS
814,core-js
815,core-js
815,Slick
815,jQuery
816,Howler.js
816,core-js
816,web-vitals
816,jQuery
816,Preact
816,Goober
816,Swiper
817,Preact
817,web-vitals
817,core-js
817,jQuery
817,Swiper
817,Howler.js
817,Goober
818,jQuery UI
818,jQuery
818,Slick
818,core-js
818,OWL Carousel
818,Underscore.js
818,jQuery Migrate
819,jQuery Migrate
819,OWL Carousel
819,core-js
819,Underscore.js
819,Slick
819,jQuery UI
819,jQuery
820,Modernizr
820,jQuery UI
820,jQuery
820,FancyBox
820,jQuery Migrate
821,Ramda
821,lit-element
821,LazySizes unveilhooks plugin
821,lit-html
821,core-js
821,MobX
821,Swiper
821,LazySizes
823,Boomerang
823,Select2
823,Lodash
823,Preact
823,Goober
823,jQuery
823,Axios
823,core-js
824,Boomerang
824,Swiper
824,core-js
824,jQuery
825,jQuery Migrate
825,lit-html
825,FancyBox
825,lit-element
825,Modernizr
825,Swiper
825,jQuery
825,NProgress
826,Slick
826,jQuery
826,Select2
826,FancyBox
828,Goober
828,Lodash
828,Swiper
828,MobX
828,Hammer.js
828,core-js
829,jQuery
829,LazySizes
829,core-js
829,Boomerang
830,core-js
830,jQuery
831,jQuery
831,prettyPhoto
832,Apollo
832,Preact
832,jQuery
832,core-js
832,Lightbox
833,Modernizr
833,jQuery
833,Underscore.js
833,LazySizes
833,Slick
833,jQuery UI
833,core-js
834,jQuery
834,Slick
834,jQuery Migrate
835,core-js
835,ClientJS
835,OWL Carousel
835,jQuery UI
835,Swiper
835,Lodash
835,jQuery
836,core-js
837,jQuery
837,Slick
838,Lightbox
838,core-js
838,jQuery UI
838,Flickity
838,jQuery Migrate
838,AOS
838,jQuery
838,lit-html
838,lit-element
839,AOS
840,jQuery
841,core-js
841,lit-html
841,jQuery
841,Lodash
841,lit-element
841,FancyBox
842,Lodash
843,Lightbox
843,OWL Carousel
843,Swiper
843,jQuery
844,core-js
844,Swiper
845,lit-element
845,lit-html
845,jQuery
845,Modernizr
845,Slick
846,jQuery Migrate
846,jQuery
847,jQuery
847,core-js
848,FancyBox
848,jQuery Migrate
848,Slick
848,core-js
848,jQuery
848,Preact
849,Apollo
849,Goober
849,core-js
849,Swiper
850,Glider.js
850,Lightbox
850,core-js
850,crypto-js
850,OWL Carousel
850,jQuery
851,Select2
851,DataTables
851,Selectize
851,Moment.js
851,core-js
851,FancyBox
851,AOS
851,jQuery
853,jQuery
854,Axios
854,Goober
854,jQuery
854,core-js
855,jQuery
857,crypto-js
857,LazySizes
857,Lodash
857,Slick
857,Swiper
857,core-js
857,jQuery
858,jQuery
858,jQuery UI
858,core-js
858,Swiper
858,jQuery Migrate
859,SweetAlert2
859,Preact
859,Slick
859,jQuery
860,Goober
861,jQuery UI
861,FancyBox
861,Slick
861,jQuery
862,OWL Carousel
862,Goober
862,DataTables
862,jQuery
862,jQuery UI
862,FancyBox
863,jQuery UI
863,core-js
863,Swiper
863,jQuery
863,Slick
864,jQuery
865,Browser-Update.org
865,core-js
865,Underscore.js
865,jQuery
865,lit-element
865,lit-html
866,core-js
867,Swiper
867,Preact
867,core-js
867,Goober
867,lit-html
867,lit-element
868,Goober
868,core-js
868,FancyBox
868,Swiper
868,jQuery
869,SweetAlert
869,Boomerang
869,FancyBox
869,jQuery UI
869,Goober
869,jQuery
869,Slick
870,jPlayer
870,jQuery
870,jQuery UI
870,Modernizr
870,core-js
871,jQuery Migrate
871,Skrollr
871,PhotoSwipe
871,MobX
871,jQuery
871,Lodash
872,core-js
872,jQuery
872,YUI
872,SweetAlert
872,ClientJS
872,AOS
872,jQuery UI
872,Swiper
872,FingerprintJS
873,jQuery UI
873,jQuery
873,Preact
873,Lodash
873,core-js
873,Swiper
873,OWL Carousel
873,LazySizes
874,jQuery
874,core-js
874,jQuery Migrate
874,FancyBox
877,lit-html
877,core-js
877,Lodash
877,Preact
877,jQuery
877,Moment.js
877,jQuery Migrate
877,Splide
877,lit-element
878,jQuery
878,Slick
879,Lodash
879,DataTables
879,crypto-js
879,Lightbox
879,core-js
879,OWL Carousel
879,LazySizes unveilhooks plugin
879,LazySizes
879,YUI
879,Axios
879,Zepto
879,jQuery
879,jQuery UI
879,Swiper
880,Slick
880,lit-element
880,Lightbox
880,core-js
880,lite-youtube-embed
880,jQuery UI
880,jQuery
880,lit-html
881,Goober
881,Boomerang
881,Swiper
882,Lodash
883,Moment.js
883,jQuery
883,Lodash
883,Slick
884,core-js
884,Boomerang
884,Select2
884,jQuery
884,AOS
885,core-js
885,jQuery
885,Tiny Slider
886,Isotope
886,jQuery UI
886,jQuery
886,Swiper
886,Retina.js
887,jQuery Migrate
887,Slick
887,Underscore.js
887,jQuery UI
887,jQuery
888,OWL Carousel
888,Lodash
888,jQuery UI
888,Moment.js
888,Slick
888,jQuery
889,OWL Carousel
889,Slick
889,jQuery
889,LazySizes
890,Goober
890,MobX
890,core-js
890,Keen-Slider
892,core-js
892,jQuery
892,Hammer.js
893,Goober
893,Preact
893,core-js
893,jQuery
894,jQuery
894,Swiper
894,Boomerang
894,lit-element
894,jQuery UI
894,Underscore.js
894,Howler.js
894,lit-html
894,core-js
896,jQuery
896,jQuery UI
897,core-js
897,jQuery
897,Lodash
898,DataTables
898,Slick
898,jQuery
899,Isotope
899,lit-html
899,lit-element
899,jQuery
899,jQuery Migrate
899,LazySizes
900,jQuery
900,jQuery Migrate
900,OWL Carousel
901,Slick
901,core-js
901,jQuery
901,LazySizes
901,FancyBox
902,jQuery UI
902,OWL Carousel
902,core-js
902,LazySizes unveilhooks plugin
902,LazySizes
902,FingerprintJS
902,AOS
902,Underscore.js
902,Ramda
902,Preact
902,web-vitals
902,Slick
902,jQuery
903,core-js
903,Swiper
903,jQuery Migrate
903,Preact
903,jQuery
904,Swiper
904,lit-element
904,lit-html
904,core-js
905,jQuery UI
905,Isotope
905,Swiper
905,jQuery
905,jQuery Migrate
905,LazySizes
905,core-js
906,LazySizes
906,Instant.Page
906,core-js
906,AOS
906,Goober
906,jQuery
907,jQuery UI
907,Swiper
907,FancyBox
907,Slick
907,jQuery Migrate
907,jQuery
907,OWL Carousel
907,Flickity
908,jQuery
908,Lozad.js
908,web-vitals
908,Goober
908,core-js
908,Preact
909,jQuery
909,OWL Carousel
910,jQuery Migrate
910,jQuery
910,Slick
910,Swiper
910,Underscore.js
911,LazySizes
911,SweetAlert2
911,Underscore.js
911,Glider.js
911,Modernizr
911,jQuery
911,core-js
911,Ramda
911,Swiper
911,LazySizes unveilhooks plugin
912,Lodash
912,Swiper
912,core-js
913,core-js
913,jQuery
913,Swiper
913,Goober
913,web-vitals
914,Preact
914,jQuery Migrate
914,jQuery
914,web-vitals
914,Modernizr
914,core-js
914,Select2
915,core-js
915,jQuery
915,jQuery Migrate
915,Swiper
915,LazySizes
915,jQuery UI
916,Goober
916,core-js
916,AOS
916,jQuery
916,lit-html
916,Select2
916,lit-element
916,jQuery Migrate
917,Goober
917,core-js
917,Swiper
917,Lodash
917,lit-html
917,lit-element
917,jQuery
927,Goober
927,Swiper
927,core-js
927,jQuery UI
927,jQuery
927,jQuery Migrate
928,Browser-Update.org
928,SweetAlert2
928,jQuery UI
928,jQuery Migrate
928,Slick
928,Modernizr
928,Preact
928,jQuery
928,AOS
928,OWL Carousel
928,core-js
929,core-js
930,Slick
930,OWL Carousel
930,Moment.js
930,jQuery
930,jQuery UI
930,Lodash
931,Slick
931,jQuery
931,Lodash
931,Moment.js
933,jQuery
933,core-js
933,jQuery UI
933,jQuery Migrate
933,web-vitals
933,PubSubJS
934,Modernizr
934,OWL Carousel
934,jQuery
934,Goober
935,jQuery
935,Boomerang
935,jQuery Migrate
935,core-js
936,jQuery
936,OWL Carousel
937,Preact
937,Modernizr
937,core-js
937,Swiper
937,jQuery
937,AOS
937,Slick
937,jQuery Migrate
938,jQuery
939,jQuery
939,Modernizr
940,lit-html
940,lit-element
940,core-js
940,jQuery
941,jQuery
941,YUI
941,Lodash
941,Clipboard.js
941,Swiper
941,Preact
941,core-js
945,jQuery
945,Goober
945,core-js
945,Preact
946,core-js
946,Boomerang
946,Modernizr
946,Preact
946,Slick
946,jQuery
947,jQuery UI
947,Select2
947,Boomerang
947,core-js
947,Twitter typeahead.js
947,Moment.js
947,Preact
947,FancyBox
947,Lightbox
947,jQuery
947,Slick
948,jQuery UI
948,jQuery
948,core-js
948,FancyBox
948,lit-html
948,lit-element
949,Preact
950,Goober
950,Swiper
950,jQuery
950,FancyBox
951,jQuery
951,Hammer.js
951,Goober
951,web-vitals
951,core-js
952,core-js
952,jQuery
952,Lodash
952,Selectize
952,Moment.js
952,lite-youtube-embed
952,LazySizes
952,Axios
952,Slick
953,core-js
953,Lodash
953,lit-element
953,jQuery
953,lit-html
954,jQuery Migrate
954,jQuery
955,jQuery
955,lit-html
955,lit-element
956,YUI
956,jQuery
956,Swiper
956,Choices
956,core-js
956,Preact
959,jQuery
959,core-js
960,Modernizr
960,jQuery
961,jQuery
961,Slick
962,lit-html
962,web-vitals
962,lit-element
962,core-js
963,Boomerang
963,Swiper
963,core-js
964,OWL Carousel
964,jQuery
964,Swiper
965,jQuery Migrate
965,core-js
965,Isotope
965,jQuery
965,jQuery UI
965,Swiper
965,Lightbox
969,Lodash
969,core-js
969,Boomerang
970,Select2
970,jQuery UI
970,jQuery
970,Underscore.js
970,core-js
971,jQuery
971,core-js
972,Boomerang
973,Swiper
973,jQuery
974,MobX
977,core-js
977,Preact
977,Flickity
977,Tippy.js
978,jQuery
978,core-js
978,jQuery Migrate
978,DataTables
978,OWL Carousel
978,Lodash
978,jQuery UI
978,Modernizr
978,FancyBox
978,Slick
979,Preact
979,Slick
979,jQuery Migrate
979,Select2
979,jQuery
979,core-js
980,jQuery Migrate
980,jQuery
980,Goober
981,Swiper
982,Swiper
983,jQuery
983,jQuery Migrate
983,Moment.js
983,Isotope
983,FancyBox
983,Slick
983,core-js
985,LazySizes
985,jQuery UI
985,core-js
985,Hammer.js
985,jQuery
986,AOS
986,Slick
986,jQuery
986,Swiper
987,Preact
987,SweetAlert2
987,Modernizr
987,LazySizes unveilhooks plugin
987,core-js
987,Ramda
987,Underscore.js
987,jQuery
987,LazySizes
987,Swiper
988,jQuery UI
988,jQuery
988,Preact
989,Swiper
990,Swiper
990,jQuery
990,jQuery Migrate
990,core-js
990,jQuery UI
991,core-js
991,LazySizes
991,Slick
991,jQuery Migrate
991,jQuery
992,jQuery UI
992,jQuery
992,Select2
992,Modernizr
992,jQuery Migrate
993,lit-element
993,jQuery UI
993,Preact
993,jQuery
993,Isotope
993,Moment.js
993,core-js
993,Flickity
993,lit-html
993,Slick
993,SweetAlert2
994,jQuery UI
994,jQuery
1005,Select2
1005,jQuery
1005,FancyBox
1005,Boomerang
1005,core-js
1005,Lodash
1007,core-js
1007,jQuery
1007,Slick
1007,jQuery Migrate
1007,Lodash
1008,Preact
1009,Lodash
1009,Preact
1009,core-js
1009,DataTables
1009,jQuery
1010,core-js
1010,Swiper
1011,AOS
1011,core-js
1011,Tiny Slider
1012,core-js
1012,jQuery
1012,lit-element
1012,Lodash
1012,lit-html
1012,jQuery Migrate
1013,Lodash
1013,lit-html
1013,lit-element
1013,Underscore.js
1013,jQuery
1013,Tippy.js
1013,Goober
1013,Day.js
1013,crypto-js
1013,Loadable-Components
1013,Lightbox
1013,core-js
1014,core-js
1014,web-vitals
1014,Loadable-Components
1014,LazySizes
1014,Preact
1014,MobX
1015,jQuery Migrate
1015,jQuery
1015,Preact
1015,core-js
1015,jQuery UI
1015,Swiper
1015,Goober
1016,Lodash
1016,web-vitals
1016,core-js
1017,Isotope
1017,Lodash
1017,jQuery
1017,Slick
1017,core-js
1017,jQuery UI
1017,Moment.js
1018,jQuery
1018,core-js
1018,Preact
1018,Dropzone
1018,Moment.js
1018,jQuery UI
1018,lit-html
1018,FancyBox
1019,jQuery
1019,Swiper
1019,LazySizes
1019,Flickity
1019,core-js
1019,jQuery UI
1019,lit-element
1019,Slick
1019,Howler.js
1019,lit-html
1020,jQuery
1020,core-js
1020,lit-html
1020,Boomerang
1020,Swiper
1020,crypto-js
1020,lit-element
1020,Lodash
1020,SpriteSpin
1020,LazySizes
1020,Modernizr
1020,jQuery UI
1021,jQuery UI
1021,core-js
1021,Swiper
1021,jQuery
1022,Boomerang
1022,FancyBox
1022,OWL Carousel
1022,jQuery
1023,core-js
1023,Swiper
1023,jQuery Migrate
1023,jQuery
1024,Lodash
1024,jQuery
1024,jQuery UI
1024,core-js
1024,Tippy.js
1026,lit-html
1026,lit-element
1026,jQuery
1026,Modernizr
1026,core-js
1027,Boomerang
1027,core-js
1028,Preact
1029,jQuery
1029,Goober
1029,Slick
1030,jQuery
1030,Lightbox
1030,Modernizr
1031,jQuery
1031,LazySizes
1031,jQuery UI
1032,core-js
1032,jQuery
1032,Slick
1033,core-js
1033,jQuery Migrate
1033,OWL Carousel
1033,jQuery
1034,jQuery
1035,jQuery
1036,OWL Carousel
1036,jQuery
1036,core-js
1037,jQuery Migrate
1037,Swiper
1037,core-js
1037,jQuery
1038,LazySizes unveilhooks plugin
1038,Ramda
1038,jQuery
1038,core-js
1038,LazySizes
1038,Modernizr
1038,Underscore.js
1039,Select2
1039,jQuery
1040,jQuery Migrate
1040,jQuery
1040,Isotope
1040,Modernizr
1040,jQuery UI
1041,MobX
1041,Htmx
1041,lit-element
1041,Goober
1041,lit-html
1042,Lightbox
1042,Swiper
1042,SweetAlert2
1042,jQuery
1043,JsObservable
1043,Lodash
1043,Polyfill
1043,JsViews
1043,JsRender
1043,jQuery
1043,core-js
1044,core-js
1044,lit-html
1044,Boomerang
1044,lit-element
1044,Swiper
1044,jQuery
1044,Preact
1045,Swiper
1045,jQuery
1045,Modernizr
1045,Underscore.js
1045,jQuery UI
1046,jQuery Migrate
1046,jQuery
1047,core-js
1047,Lodash
1047,lit-html
1047,lit-element
1047,Swiper
1047,web-vitals
1048,core-js
1048,Axios
1048,FingerprintJS
1048,jQuery
1048,Select2
1049,FancyBox
1049,Slick
1049,jQuery Migrate
1049,jQuery
1050,Slick
1050,jQuery
1050,jQuery Migrate
1050,Swiper
1051,Slick
1051,jQuery
1051,Selectize
1051,jQuery Migrate
1052,jQuery
1052,FancyBox
1052,Swiper
1052,Slick
1052,core-js
1052,jQuery Migrate
1053,jQuery UI
1053,Select2
1053,DataTables
1053,jQuery
1054,core-js
1054,jQuery
1054,Tiny Slider
1054,jQuery Migrate
1054,jQuery UI
1054,Swiper
1055,jQuery
1055,Flickity
1055,jQuery Migrate
1056,Moment.js
1056,jQuery UI
1056,core-js
1056,jQuery
1056,Slick
1056,Underscore.js
1058,Modernizr
1058,Hammer.js
1058,Lightbox
1058,jQuery
1058,AOS
1058,Slick
1059,jQuery
1059,jQuery UI
1059,DataTables
1060,jQuery Migrate
1060,jQuery
1060,Swiper
1061,lit-element
1061,jQuery Migrate
1061,core-js
1061,Slick
1061,jQuery
1061,lit-html
1061,Preact
1062,Swiper
1062,jQuery
1062,core-js
1063,Preact
1063,core-js
1063,LazySizes
1064,Goober
1064,jQuery
1064,MobX
1064,core-js
1065,jQuery Migrate
1065,Tiny Slider
1065,jQuery
1065,Lightbox
1066,jQuery Modal
1066,Slick
1066,Tiny Slider
1066,jQuery
1067,Swiper
1067,jQuery
1067,core-js
1068,OWL Carousel
1068,jQuery
1068,Isotope
1069,jQuery
1069,core-js
1069,jQuery UI
1069,jQuery Migrate
1070,OWL Carousel
1070,jQuery
1070,Modernizr
1070,core-js
1071,AOS
1072,Lightbox
1072,Hammer.js
1072,AOS
1072,jQuery
1072,Modernizr
1072,jQuery UI
1073,jQuery
1073,Select2
1074,Select2
1074,core-js
1074,OWL Carousel
1074,jQuery Migrate
1074,jQuery
1074,Lightbox
1074,Underscore.js
1075,Preact
1075,React Native for Web
1075,Swiper
1075,core-js
1076,Slick
1076,LazySizes
1076,LazySizes unveilhooks plugin
1076,Swiper
1076,jQuery
1076,SweetAlert2
1076,Underscore.js
1076,Modernizr
1076,core-js
1076,Ramda
1077,jQuery
1077,Slick
1077,lit-html
1077,core-js
1077,lit-element
1077,Moment.js
1078,LazySizes
1079,Isotope
1079,Preact
1079,prettyPhoto
1079,Keen-Slider
1079,jQuery
1079,Slick
1080,jQuery
1081,jQuery
1081,jQuery Migrate
1082,core-js
1082,Isotope
1082,jQuery
1082,Modernizr
1083,Slick
1083,FancyBox
1083,core-js
1083,AOS
1083,jQuery
1084,core-js
1084,jQuery
1084,FancyBox
1084,OWL Carousel
1085,core-js
1085,Goober
1085,Preact
1085,Swiper
1086,OWL Carousel
1086,jQuery
1086,Lightbox
1087,core-js
1087,jQuery
1087,DataTables
1087,Swiper
1087,jQuery Migrate
1088,YUI
1088,Slick
1088,jQuery
1088,core-js
1089,prettyPhoto
1089,FingerprintJS
1089,Isotope
1089,jQuery
1089,Preact
1090,jQuery UI
1090,core-js
1090,jQuery
1091,core-js
1092,Pinia
1092,core-js
1092,Swiper
1092,Goober
1093,core-js
1093,LazySizes
1093,AOS
1093,FingerprintJS
1093,jQuery
1093,Darkmode.js
1093,Lodash
1093,Moment.js
1093,Swiper
1094,jQuery Migrate
1094,jQuery
